"Dataset","Position","Strategy","P50Ms","P95Ms","P99Ms","AvgMs","ReqPerSec","ErrorPercent"
"10000","deep","keyset","4.54","10.4","16.59","5.29","1765.18","0"
"10000","deep","offset","52.8","106.03","142.71","59.53","167.09","0"
"10000","middle","keyset","5.26","13.76","21.66","6.37","1474.56","0"
"10000","middle","offset","30.91","59.16","80.92","34.12","289.3","0"
"10000","shallow","keyset","5.62","15.19","24.25","6.9","1355.95","0"
"10000","shallow","offset","4.49","10.63","17.45","5.3","1760.86","0"
"100000","deep","keyset","5.07","12.91","20.98","6.11","1536.73","0"
"100000","deep","offset","582.45","881.79","992.73","606.84","16.4","0"
"100000","middle","keyset","5.05","12.08","18.95","5.93","1604.73","0"
"100000","middle","offset","347.91","536.14","633.19","362","27.38","0"
"100000","shallow","keyset","5.26","12.85","21.02","6.24","1513.88","0"
"100000","shallow","offset","5.06","12.81","20.32","6.08","1553.71","0"
"500000","deep","keyset","6.36","17.23","26.66","7.8","1239.47","0"
"500000","deep","offset","3011.1","4380.11","4861.98","3177.99","3","0"
"500000","middle","keyset","5.74","17.44","29.71","7.41","1281.62","0"
"500000","middle","offset","1774.74","2852.44","3099.05","1879.76","5.16","0"
"500000","shallow","keyset","5.34","16.2","27.36","6.85","1369.93","0"
"500000","shallow","offset","6.74","22.59","38.06","8.92","1181.91","0"
