"Concurrency","Repetition","TotalRequests","Successful","Failed","Persisted","DuplicateSequences","MissingSequences","MinSequence","MaxSequence","OrderingValid","P50Ms","P95Ms","P99Ms","AvgMs","ReqPerSec","ErrorPercent","LockWaitMs","BackendCpu","BackendMemory"
"10","1","10","1","9","1","0","0","1","1","True","48.36","73.74","75.18","47.81","125.86","90","282","0.30%","546MiB / 7.614GiB"
"10","2","10","1","9","1","0","0","1","1","True","49.08","66.73","68.53","47.44","135.32","90","239","0.32%","545.4MiB / 7.614GiB"
"10","3","10","1","9","1","0","0","1","1","True","50.42","73.02","75.87","49.46","123.98","90","289","0.56%","544.5MiB / 7.614GiB"
"25","1","25","3","22","3","0","0","1","3","True","144.32","216.43","223.6","134.08","109.22","88","1387","2.68%","548.3MiB / 7.614GiB"
"25","2","25","3","22","3","0","0","1","3","True","184.48","306.82","310.35","184.23","78.72","88","1854","0.33%","548.1MiB / 7.614GiB"
"25","3","25","3","22","3","0","0","1","3","True","80.5","143.59","147.03","83.06","162.47","88","883","0.48%","547.3MiB / 7.614GiB"
"50","1","50","6","44","6","0","0","1","6","True","222.6","337.8","349.1","209.01","140.75","88","2483","0.30%","550.7MiB / 7.614GiB"
"50","2","50","6","44","6","0","0","1","6","True","159.84","483.57","518.64","222.6","93.53","88","3726","0.34%","553.2MiB / 7.614GiB"
"50","3","50","5","45","5","0","0","1","5","True","242.77","406.01","418.07","233","115.66","90","3072","0.32%","551.5MiB / 7.614GiB"
"100","1","100","10","90","10","0","0","1","10","True","387.35","662.42","700.97","389.51","133.96","90","5416","0.39%","560.1MiB / 7.614GiB"
"100","2","100","10","90","10","0","0","1","10","True","307.47","594.01","648.14","315.83","144.83","90","4899","0.39%","560.1MiB / 7.614GiB"
"100","3","100","10","90","10","0","0","1","10","True","305.68","701.03","729.37","332.35","129.95","90","5820","0.27%","561.5MiB / 7.614GiB"
